{"cameraMode":{"drawMode":0,"name":"Shaded","section":"Shading Mode"},"sceneLighting":false,"audioPlay":false,"sceneViewState":{"m_AlwaysRefresh":false,"showFog":true,"showSkybox":false,"showFlares":true,"showImageEffects":true,"showParticleSystems":true,"showVisualEffectGraphs":true,"m_FxEnabled":true},"in2DMode":false,"pivot":{"x":4.470348358154297e-8,"y":0.15650001168251038,"z":-2.9802322387695315e-8},"rotation":{"x":-0.003306041471660137,"y":0.04707947373390198,"z":-0.00015615612210240215,"w":-0.9988882541656494},"size":0.35062679648399355,"orthographic":false}