{"cameraMode":{"drawMode":0,"name":"Shaded","section":"Shading Mode"},"sceneLighting":true,"audioPlay":false,"sceneViewState":{"m_AlwaysRefresh":false,"showFog":true,"showSkybox":true,"showFlares":true,"showImageEffects":true,"showParticleSystems":true,"showVisualEffectGraphs":true,"m_FxEnabled":true},"in2DMode":false,"pivot":{"x":1153.355224609375,"y":508.3956298828125,"z":10.145416259765625},"rotation":{"x":-0.030300743877887727,"y":0.017088333144783975,"z":-0.0005184911424294114,"w":-0.9993968605995178},"size":850.7736206054688,"orthographic":false}