{"cameraMode":{"drawMode":0,"name":"Shaded","section":"Shading Mode"},"sceneLighting":true,"audioPlay":false,"sceneViewState":{"m_AlwaysRefresh":false,"showFog":true,"showSkybox":true,"showFlares":true,"showImageEffects":true,"showParticleSystems":true,"showVisualEffectGraphs":true,"m_FxEnabled":true},"in2DMode":false,"pivot":{"x":1048.7198486328125,"y":602.2734985351563,"z":12.290496826171875},"rotation":{"x":-0.030300743877887727,"y":0.017088333144783975,"z":-0.0005184911424294114,"w":-0.9993968605995178},"size":630.2623291015625,"orthographic":false}