{"cameraMode":{"drawMode":0,"name":"Shaded","section":"Shading Mode"},"sceneLighting":true,"audioPlay":false,"sceneViewState":{"m_AlwaysRefresh":false,"showFog":true,"showSkybox":true,"showFlares":true,"showImageEffects":true,"showParticleSystems":true,"showVisualEffectGraphs":true,"m_FxEnabled":true},"in2DMode":false,"pivot":{"x":-3.464897632598877,"y":15.622316360473633,"z":1.1447656154632569},"rotation":{"x":0.2266865074634552,"y":0.2101862132549286,"z":-0.05017605051398277,"w":0.9496982097625732},"size":0.8660253882408142,"orthographic":false}