{"cameraMode":{"drawMode":0,"name":"Shaded","section":"Shading Mode"},"sceneLighting":false,"audioPlay":false,"sceneViewState":{"m_AlwaysRefresh":false,"showFog":true,"showSkybox":false,"showFlares":true,"showImageEffects":true,"showParticleSystems":true,"showVisualEffectGraphs":true,"m_FxEnabled":true},"in2DMode":false,"pivot":{"x":-1.509177327156067,"y":0.24292367696762086,"z":8.597167015075684},"rotation":{"x":0.08780725300312042,"y":-0.6544286012649536,"z":0.07691959291696549,"w":0.7470608949661255},"size":3.3866240978240969,"orthographic":false}